trade_num,ticker,profit_loss,cap,time_duration,positions,day,week,date,volume
0,AEHR,-1.75,185.5,91,4,4,28,2021-07-16,25
1,AEHR,0.25,176.75,80,4,4,28,2021-07-16,25
2,HGSH,0.65,404.5,78,4,4,28,2021-07-16,50
3,HGSH,-2.0,66.5,46,2,4,28,2021-07-16,25
4,HGSH,0.62,68.0,93,2,4,28,2021-07-16,25
5,YVR,3.08,144.82,45,4,3,28,2021-07-15,10
6,YVR,3.36,116.46,22,4,3,28,2021-07-15,25
7,YVR,1.36,34.94,50,2,3,28,2021-07-15,15
8,YVR,-0.45,34.35,34,2,3,28,2021-07-15,15
9,VERB,7.5,242.0,53,5,3,28,2021-07-15,25
10,SGOC,5.4,166.4,98,2,2,28,2021-07-14,10
11,SGOC,9.01,378.7,99,5,2,28,2021-07-14,5
12,DTSS,-2.2,212.5,0,5,2,28,2021-07-14,5
13,XELA,4.59,219.0,126,2,1,28,2021-07-13,50
14,XELA,-0.26,43.3,111,2,1,28,2021-07-13,10
15,OSAT,-1.64,64.72,57,2,1,28,2021-07-13,5
16,XELA,1.6,41.8,69,2,1,28,2021-07-13,10
17,WORX,1.05,22.9,99,2,1,28,2021-07-13,5
18,OSAT,15.1,129.0,352,4,1,28,2021-07-13,5
19,OSAT,-4.53,74.65,113,4,1,28,2021-07-13,1
20,OSAT,-1.02,13.22,68,2,1,28,2021-07-13,1
21,MDIA,6.35,73.4,72,2,0,28,2021-07-12,5
22,MDIA,-3.7,148.5,177,2,0,28,2021-07-12,10
23,MDIA,0.15,72.05,221,2,0,28,2021-07-12,5
24,MDIA,8.1,125.5,435,3,0,28,2021-07-12,5
25,MDIA,-2.9,64.85,254,2,0,28,2021-07-12,5
26,MDIA,3.5,72.4,112,2,0,28,2021-07-12,10
27,MDIA,-2.19,73.0,141,2,0,28,2021-07-12,10
28,SGOC,0.4,135.9,242,2,0,28,2021-07-12,5
29,SGOC,5.91,158.39,39,4,0,28,2021-07-12,1
30,SGOC,0.82,25.18,66,2,0,28,2021-07-12,1
31,SGOC,0.15,23.25,101,2,0,28,2021-07-12,1
32,SGOC,0.26,22.52,552,2,0,28,2021-07-12,1
33,SGOC,-0.17,21.19,154,2,0,28,2021-07-12,1
34,SGOC,1.21,19.03,379,2,0,28,2021-07-12,1
35,CETX,0.75,52.0,231,2,0,28,2021-07-12,25
36,MTSL,-2.47,42.12,151,2,0,28,2021-07-12,5
37,MTSL,-0.22,8.86,8,2,0,28,2021-07-12,1
38,CARV,14.63,248.57,62,4,4,27,2021-07-09,2
39,CARV,5.27,209.7,165,4,4,27,2021-07-09,1
40,CARV,8.1,122.5,17,2,3,27,2021-07-08,5
41,CARV,-0.51,25.16,0,2,3,27,2021-07-08,1
42,CARV,-1.69,24.99,118,2,3,27,2021-07-08,1
43,CARV,7.19,96.62,381,3,3,27,2021-07-08,5
44,DBGI,-0.5,8.39,140,2,3,27,2021-07-08,1
45,DBGI,3.0,46.76,132,4,3,27,2021-07-08,1
46,VRPX,11.74,139.36,35,4,2,27,2021-07-07,10
47,VRPX,-4.6,71.0,100,2,2,27,2021-07-07,10
48,NEGG,-2.8,55.23,139,2,2,27,2021-07-07,1
49,NEGG,0.42,56.75,15,2,2,27,2021-07-07,1
50,NEGG,1.32,68.05,31,2,2,27,2021-07-07,1
51,NEGG,8.69,184.9,54,4,2,27,2021-07-07,1
52,VXRT,0.22,82.5,394,2,2,27,2021-07-07,10
53,VXRT,-0.6,81.8,123,2,2,27,2021-07-07,10
54,DTST,-0.4,64.45,103,2,2,27,2021-07-07,5
55,OSAT,-0.22,9.69,145,2,1,27,2021-07-06,1
56,OSAT,22.5,681.25,165,6,1,27,2021-07-06,25
57,OSAT,0.91,42.09,370,2,1,27,2021-07-06,5
58,OSAT,-0.47,243.79,0,7,1,27,2021-07-06,2
59,ALEC,-2.61,80.95,188,2,4,26,2021-07-02,2
60,ALEC,-0.44,39.67,94,2,4,26,2021-07-02,1
61,ALEC,-6.8,411.4,139,2,4,26,2021-07-02,10
62,ALEC,-2.86,207.21,140,2,4,26,2021-07-02,5
63,MRIN,0.47,22.6,359,2,4,26,2021-07-02,1
64,MRIN,-2.95,116.95,77,2,4,26,2021-07-02,5
65,MRIN,-2.1,115.35,154,2,4,26,2021-07-02,5
66,MRIN,1.73,23.77,122,2,4,26,2021-07-02,1
67,ATHE,-14.75,503.76,140,4,3,26,2021-07-01,100
68,ATHE,-6.34,279.14,103,3,3,26,2021-07-01,10
69,MRIN,-0.92,36.54,139,2,3,26,2021-07-01,2
70,MRIN,-1.2,91.5,43,2,3,26,2021-07-01,5
71,MRIN,1.2,88.9,93,2,3,26,2021-07-01,5
72,MEDS,-1.5,42.98,97,2,3,26,2021-07-01,5
73,MEDS,-0.53,134.55,263,3,3,26,2021-07-01,5
74,BLIN,-0.38,6.54,94,2,3,26,2021-07-01,1
75,CUEN,-0.08,8.5,319,2,2,26,2021-06-30,1
76,CUEN,-1.96,93.83,136,4,2,26,2021-06-30,1
77,CUEN,-0.2,43.45,72,2,2,26,2021-06-30,5
78,CUEN,3.6,84.0,55,2,2,26,2021-06-30,10
79,CUEN,0.73,47.18,111,3,2,26,2021-06-30,1
80,CUEN,14.86,300.66,63,7,2,26,2021-06-30,2
81,MRIN,-9.4,137.5,28,2,1,26,2021-06-29,10
82,MRIN,0.75,62.4,71,2,1,26,2021-06-29,5
83,CERE,1.02,79.5,123,4,1,26,2021-06-29,1
84,CERE,2.0,123.95,244,2,1,26,2021-06-29,5
85,CERE,-0.25,24.28,73,2,1,26,2021-06-29,1
86,CERE,15.09,357.01,108,4,1,26,2021-06-29,5
87,XELA,-1.75,123.5,164,2,1,26,2021-06-29,50
88,XELA,1.25,58.0,201,2,1,26,2021-06-29,25
89,MRIN,-0.08,5.79,128,2,0,26,2021-06-28,1
90,MRIN,0.07,5.68,118,2,0,26,2021-06-28,1
91,MRIN,29.9,612.27,106,14,0,26,2021-06-28,2
92,ALF,13.17,605.88,157,4,4,25,2021-06-25,10
93,ALF,-5.52,173.62,22,2,4,25,2021-06-25,10
94,ALF,-2.8,172.3,133,2,4,25,2021-06-25,10
95,ALF,-1.1,172.1,109,2,4,25,2021-06-25,10
96,GRVI,-2.1,90.3,19,2,4,25,2021-06-25,10
97,GRVI,0.12,89.0,203,3,4,25,2021-06-25,10
98,MRIN,-30.0,327.0,14,2,3,25,2021-06-24,100
99,MRIN,-10.47,241.47,241,4,3,25,2021-06-24,15
100,MRIN,6.12,185.5,42,4,3,25,2021-06-24,10
101,MRIN,-0.2,3.1,139,2,3,25,2021-06-24,1
102,ORPH,-2.5,92.6,154,2,2,25,2021-06-23,10
103,ORPH,0.7,82.2,79,2,2,25,2021-06-23,10
104,ENTX,6.25,122.6,121,2,2,25,2021-06-23,15
105,ENTX,-2.9,82.2,183,2,2,25,2021-06-23,10
106,ENTX,8.0,810.5,33,4,2,25,2021-06-23,50
107,ENTX,-0.6,80.5,90,2,2,25,2021-06-23,10
108,ENTX,0.4,39.15,126,2,2,25,2021-06-23,5
109,ALF,0.8,58.2,80,2,1,25,2021-06-22,5
110,CLOV,2.46,134.5,71,3,1,25,2021-06-22,10
111,CLOV,-0.49,132.8,235,2,1,25,2021-06-22,10
112,ADIL,-1.85,37.65,227,2,1,25,2021-06-22,10
113,CLOV,1.4,128.4,71,2,1,25,2021-06-22,10
114,CLOV,-2.13,140.29,176,3,1,25,2021-06-22,1
115,TRCH,25.55,924.0,120,4,0,25,2021-06-21,50
116,TRCH,-11.96,333.58,174,4,0,25,2021-06-21,1
117,WISH,-0.6,118.6,163,2,4,24,2021-06-18,10
118,WAFU,2.8,92.4,124,2,4,24,2021-06-18,10
119,WAFU,1.2,45.3,86,2,4,24,2021-06-18,5
120,CLNE,-0.7,239.5,149,3,4,24,2021-06-18,10
121,CLSD,12.14,342.96,136,5,3,24,2021-06-17,3
122,APOP,-2.55,33.81,217,3,3,24,2021-06-17,1
123,APOP,0.5,5.66,89,2,3,24,2021-06-17,1
124,APRE,43.0,736.0,105,3,2,24,2021-06-16,50
125,APRE,-19.57,467.5,70,5,2,24,2021-06-16,1
126,ALF,0.8,63.1,57,2,1,24,2021-06-15,10
127,ALF,3.27,91.18,114,4,1,24,2021-06-15,5
128,ALF,3.04,148.71,28,2,1,24,2021-06-15,25
129,ALF,2.2,53.5,89,2,1,24,2021-06-15,10
130,ALF,10.0,379.0,50,4,1,24,2021-06-15,25
131,NOVN,-0.16,76.96,763,2,0,24,2021-06-14,4
132,ORPH,-5.1,123.6,283,2,0,24,2021-06-14,10
133,ENOB,-39.05,486.3,177,6,0,24,2021-06-14,15
134,ENOB,-12.95,359.15,193,6,0,24,2021-06-14,10
135,ORPH,-1.75,121.0,223,2,0,24,2021-06-14,10
136,ENOB,-6.52,117.7,131,2,0,24,2021-06-14,10
137,NOVN,10.24,345.31,108,6,4,23,2021-06-11,1
138,NOVN,6.13,525.3,58,10,4,23,2021-06-11,1
139,MEDS,-0.5,34.55,107,2,3,23,2021-06-10,5
140,MEDS,0.31,6.86,126,2,3,23,2021-06-10,1
141,MEDS,27.68,1144.5,225,11,3,23,2021-06-10,25
142,MEDS,-1.15,24.95,280,3,3,23,2021-06-10,1
143,MEDS,0.62,12.86,86,2,3,23,2021-06-10,2
144,CLOV,-2.0,180.5,194,2,1,23,2021-06-08,10
145,NEXT,-3.22,137.0,166,2,1,23,2021-06-08,25
146,NEXT,-2.65,54.15,335,2,1,23,2021-06-08,10
147,NEXT,-2.05,57.6,57,2,1,23,2021-06-08,10
148,NEXT,-0.9,56.7,88,2,1,23,2021-06-08,10
149,CLOV,-4.47,214.95,0,3,1,23,2021-06-08,2
150,NEXT,2.02,49.48,130,2,1,23,2021-06-08,10
151,CLOV,-3.0,53.73,136,4,1,23,2021-06-08,1
152,RMED,-18.49,733.14,113,4,0,23,2021-06-07,25
153,LEDS,-1.05,26.47,645,2,0,23,2021-06-07,1
154,LEDS,-30.85,446.4,117,4,0,23,2021-06-07,5
155,LEDS,-3.57,148.05,117,2,0,23,2021-06-07,5
156,WINT,-0.8,32.3,133,2,4,22,2021-06-04,10
157,WINT,0.25,15.35,39,2,4,22,2021-06-04,5
158,LEDS,-0.56,25.05,163,2,4,22,2021-06-04,1
159,LEDS,9.9,333.0,98,3,4,22,2021-06-04,15
160,AMC,10.05,266.2,312,2,4,22,2021-06-04,5
161,GTT,39.4,431.62,0,2,3,22,2021-06-03,100
162,AMC,-79.19,540.95,194,7,3,22,2021-06-03,1
163,BCTX,8.05,71.05,568,2,2,22,2021-06-02,10
164,BCTX,-10.33,113.45,30,3,2,22,2021-06-02,10
165,BCTX,-6.99,192.99,38,2,2,22,2021-06-02,25
166,PEI,-7.99,333.99,230,2,2,22,2021-06-02,100
167,PEI,-2.42,163.92,111,2,2,22,2021-06-02,50
168,PEI,-0.93,164.44,96,2,2,22,2021-06-02,50
169,PEI,-11.38,200.08,66,3,2,22,2021-06-02,10
170,BCTX,-0.7,34.45,140,2,2,22,2021-06-02,5
171,OEG,-2.24,186.44,132,3,1,22,2021-06-01,5
172,ENG,7.63,466.99,0,4,1,22,2021-06-01,100
173,OEG,6.71,179.65,0,6,1,22,2021-06-01,10
174,ENG,-0.95,36.95,140,2,1,22,2021-06-01,10
175,WPG,-2.5,84.0,109,2,1,22,2021-06-01,25
176,AMC,25.12,686.58,37,4,4,21,2021-05-28,10
177,AMC,5.03,165.87,28,2,4,21,2021-05-28,5
178,PTIX,-55.87,565.87,344,6,2,21,2021-05-26,25
179,PIRS,-1.75,139.5,208,2,1,21,2021-05-25,50
180,LEDS,-17.9,275.3,0,4,1,21,2021-05-25,10
181,LEDS,-0.6,109.4,77,2,1,21,2021-05-25,10
182,PIRS,-2.5,131.0,115,2,1,21,2021-05-25,50
183,PIRS,-1.98,131.99,53,2,1,21,2021-05-25,50
184,PIRS,-0.15,156.55,134,4,1,21,2021-05-25,10
185,PIRS,10.55,484.48,172,5,1,21,2021-05-25,50
186,TIGR,1.13,205.28,110,3,1,21,2021-05-25,5
187,OBLN,-1.2,67.8,122,3,0,21,2021-05-24,1
188,OBLN,-4.98,230.98,89,6,0,21,2021-05-24,10
189,ENVB,1.88,755.34,607,13,4,20,2021-05-21,25
190,YALA,1.0,184.0,29,2,4,20,2021-05-21,10
191,METX,1.0,79.0,49,2,4,20,2021-05-21,50
192,UONE,-8.39,864.44,217,6,3,20,2021-05-20,25
193,UONE,5.56,209.19,124,2,3,20,2021-05-20,25
194,UONE,-5.24,210.74,37,2,3,20,2021-05-20,25
195,MOSY,-37.54,464.75,475,6,2,20,2021-05-19,10
196,MOSY,-10.33,469.14,0,6,2,20,2021-05-19,10
197,MOSY,16.0,571.25,130,6,4,19,2021-05-14,50
198,MOSY,-6.48,219.98,85,2,4,19,2021-05-14,50
199,MOSY,0.43,227.95,89,4,4,19,2021-05-14,25
200,MOSY,7.5,107.5,39,2,4,19,2021-05-14,25
201,LFMD,-1.0,40.15,179,2,4,19,2021-05-14,5
202,BNTC,-30.02,846.23,88,4,3,19,2021-05-13,50
203,IHT,-1.45,84.55,155,2,3,19,2021-05-13,10
204,FTEK,-11.9,241.92,240,4,3,19,2021-05-13,50
205,RMED,9.56,82.49,339,3,2,19,2021-05-12,15
206,RMED,-94.06,1021.17,188,8,2,19,2021-05-12,15
207,PTIX,-51.48,1004.48,65,10,1,19,2021-05-11,50
208,PTIX,-20.0,410.5,88,6,1,19,2021-05-11,50
209,PTE,-3.97,74.37,177,3,0,19,2021-05-10,50
210,LEDS,-26.89,638.84,255,6,0,19,2021-05-10,10
211,PTE,0.55,31.25,126,2,0,19,2021-05-10,25
212,LEDS,-2.45,58.4,148,2,0,19,2021-05-10,5
213,LEDS,-0.99,118.69,142,2,0,19,2021-05-10,10
214,LEDS,0.43,59.35,103,2,0,19,2021-05-10,5
215,LEDS,1.5,32.55,107,2,0,19,2021-05-10,3
216,RHE,3.54,229.86,152,2,4,18,2021-05-07,10
217,RHE,-1.52,116.87,117,2,4,18,2021-05-07,5
218,RHE,-3.54,161.79,42,4,4,18,2021-05-07,1
219,RHE,0.53,22.03,24,2,4,18,2021-05-07,1
220,RHE,-0.49,21.68,113,2,4,18,2021-05-07,1
221,RHE,13.91,424.33,105,4,4,18,2021-05-07,10
222,RHE,-6.55,235.51,67,5,4,18,2021-05-07,1
223,RHE,0.6,108.45,112,2,4,18,2021-05-07,5
224,EARS,-1.38,89.5,26,2,4,18,2021-05-07,25
225,RHE,2.32,131.79,90,4,4,18,2021-05-07,2
226,MITO,-0.4,11.7,98,2,3,18,2021-05-06,5
227,MITO,9.5,204.26,104,8,3,18,2021-05-06,15
228,MITO,-4.0,117.0,133,2,3,18,2021-05-06,50
229,MITO,5.86,287.68,116,4,3,18,2021-05-06,25
230,ATNX,0.55,27.65,0,2,2,18,2021-05-05,5
231,ATNX,14.05,1110.95,118,4,2,18,2021-05-05,100
232,ATNX,-16.78,722.03,154,9,2,18,2021-05-05,5
233,ATNX,0.55,26.6,72,2,2,18,2021-05-05,5
234,BLRX,-15.29,176.19,76,6,1,18,2021-05-04,10
235,PRPO,-3.3,88.8,132,2,1,18,2021-05-04,10
236,PRPO,12.3,223.2,121,5,1,18,2021-05-04,10
237,PRPO,2.42,75.2,125,2,1,18,2021-05-04,10
238,BLRX,-3.1,104.6,221,5,1,18,2021-05-04,7
239,PRPO,0.37,77.13,31,4,0,18,2021-05-03,10
240,PRPO,0.51,95.75,126,2,0,18,2021-05-03,25
241,PRPO,0.31,188.44,93,3,0,18,2021-05-03,25
242,RHE,3.31,98.44,60,4,0,18,2021-05-03,2
243,RHE,-1.37,84.9,23,4,0,18,2021-05-03,1
244,RHE,4.07,97.17,99,4,0,18,2021-05-03,2
245,RHE,10.6,269.2,115,4,0,18,2021-05-03,10
246,RHE,-13.8,202.05,413,4,0,18,2021-05-03,5
247,RHE,3.39,97.33,118,4,0,18,2021-05-03,3
248,RHE,-1.46,24.0,154,2,0,18,2021-05-03,2
249,ISNS,-4.8,328.1,50,8,4,17,2021-04-30,10
250,ISNS,-2.85,179.4,65,4,4,17,2021-04-30,15
251,ISNS,-1.95,89.4,63,2,4,17,2021-04-30,15
252,VXRT,-0.5,101.2,26,2,4,17,2021-04-30,10
253,ISNS,-0.5,29.75,62,2,4,17,2021-04-30,5
254,ISNS,0.31,59.49,88,2,4,17,2021-04-30,10
255,VXRT,-1.93,253.55,152,6,4,17,2021-04-30,5
256,ISNS,2.23,118.3,101,6,4,17,2021-04-30,5
257,MOTS,-0.95,15.75,210,2,4,17,2021-04-30,10
258,METX,-2.5,58.75,172,2,3,17,2021-04-29,25
259,METX,-0.09,11.45,131,2,3,17,2021-04-29,5
260,WVVI,1.35,78.5,51,2,3,17,2021-04-29,5
261,WVVI,0.58,15.96,22,2,3,17,2021-04-29,1
262,VXRT,-0.15,53.95,10,2,3,17,2021-04-29,5
263,VXRT,0.48,107.0,107,4,3,17,2021-04-29,5
264,VXRT,4.7,373.7,130,8,3,17,2021-04-29,5
265,VXRT,-0.72,53.0,20,2,3,17,2021-04-29,5
266,VXRT,2.5,318.5,136,5,3,17,2021-04-29,10
267,VXRT,-1.15,53.15,107,2,3,17,2021-04-29,5
268,ADMA,-0.2,25.8,133,2,2,17,2021-04-28,10
269,JG,3.83,222.42,125,4,2,17,2021-04-28,25
270,JG,-0.97,66.6,111,4,2,17,2021-04-28,5
271,JG,0.05,111.75,86,2,2,17,2021-04-28,25
272,ADMA,1.44,123.0,93,6,2,17,2021-04-28,50
273,JG,0.91,85.29,74,7,2,17,2021-04-28,10
274,ADMA,2.43,122.28,47,2,2,17,2021-04-28,50
275,ADMA,-2.12,462.79,7,9,2,17,2021-04-28,25
276,RIBT,-6.98,156.4,95,5,1,17,2021-04-27,15
277,RIBT,-1.12,43.5,57,2,1,17,2021-04-27,25
278,RIBT,0.27,72.0,101,4,1,17,2021-04-27,20
279,RIBT,-0.15,33.85,92,3,1,17,2021-04-27,10
280,RIBT,0.81,48.4,90,5,1,17,2021-04-27,10
281,RIBT,-0.08,15.5,7,2,1,17,2021-04-27,10
282,RIBT,3.68,84.95,106,8,1,17,2021-04-27,10
283,RIBT,-0.0,72.0,142,4,1,17,2021-04-27,25
284,RIBT,0.56,34.98,107,2,1,17,2021-04-27,25
285,RIBT,0.75,33.75,95,2,1,17,2021-04-27,25
286,TIRX,-0.17,16.49,428,2,1,17,2021-04-27,1
287,RIBT,-0.12,6.3,196,2,1,17,2021-04-27,5
288,MVIS,-0.31,53.02,103,4,0,17,2021-04-26,1
289,MVIS,-0.26,23.56,135,2,0,17,2021-04-26,1
290,MVIS,-0.09,23.1,81,2,0,17,2021-04-26,1
291,RVPH,-0.68,14.02,118,2,0,17,2021-04-26,2
292,RVPH,-0.25,13.96,15,2,0,17,2021-04-26,2
293,RVPH,0.25,69.0,88,4,0,17,2021-04-26,5
294,RVPH,-0.7,33.7,86,2,0,17,2021-04-26,5
295,RVPH,0.01,48.64,131,3,0,17,2021-04-26,2
296,RVPH,1.25,33.55,5,2,0,17,2021-04-26,5
297,MVIS,-0.1,44.74,132,2,0,17,2021-04-26,2
298,MVIS,4.15,334.8,184,5,0,17,2021-04-26,4
299,OCGN,2.02,181.24,102,7,0,17,2021-04-26,1
300,TKAT,0.77,57.42,116,4,4,16,2021-04-23,1
301,TKAT,11.42,420.48,82,7,4,16,2021-04-23,5
302,TKAT,-14.82,555.22,101,5,4,16,2021-04-23,5
303,TKAT,-5.67,276.8,106,4,4,16,2021-04-23,5
304,TKAT,-1.28,56.25,64,4,4,16,2021-04-23,1
305,TKAT,-0.31,28.08,126,2,4,16,2021-04-23,1
306,TKAT,1.51,81.74,45,6,4,16,2021-04-23,1
307,AMC,-1.25,156.65,185,3,3,16,2021-04-22,5
308,MVIS,-7.6,292.4,122,3,3,16,2021-04-22,10
309,MVIS,-9.11,395.06,0,8,3,16,2021-04-22,2
310,BNGO,0.5,67.8,128,2,3,16,2021-04-22,10
311,SKLZ,-0.7,38.52,98,2,3,16,2021-04-22,2
312,WBT,-1.44,127.82,180,6,2,16,2021-04-21,2
313,WBT,-5.14,361.29,0,7,2,16,2021-04-21,1
314,WBT,0.23,41.97,69,4,2,16,2021-04-21,1
315,WBT,0.42,41.18,96,4,2,16,2021-04-21,1
316,WBT,0.19,20.35,163,2,2,16,2021-04-21,1
317,WBT,0.3,98.5,133,3,2,16,2021-04-21,5
318,FSR,-0.14,71.49,65,2,1,16,2021-04-20,5
319,FSR,-0.07,14.18,135,2,1,16,2021-04-20,1
320,HOTH,-0.96,46.21,188,2,1,16,2021-04-20,25
321,MYMD,0.04,7.3,40,2,1,16,2021-04-20,1
322,HOTH,-1.8,186.81,66,2,1,16,2021-04-20,100
323,HOTH,-0.71,148.96,54,8,1,16,2021-04-20,5
324,AMBO,-0.45,42.75,15,2,0,16,2021-04-19,15
325,AMBO,-0.0,13.9,102,2,0,16,2021-04-19,5
326,AMBO,-0.9,28.1,69,2,0,16,2021-04-19,10
327,AMBO,-0.7,28.7,25,2,0,16,2021-04-19,10
328,AMBO,-0.3,14.35,157,2,0,16,2021-04-19,5
329,AMBO,2.15,154.15,128,6,0,16,2021-04-19,5
330,AMBO,-0.2,56.0,121,2,0,16,2021-04-19,20
331,AMBO,0.7,98.15,126,4,0,16,2021-04-19,10
332,AMBO,14.21,257.09,110,6,0,16,2021-04-19,25
333,AMBO,-11.15,203.15,65,4,0,16,2021-04-19,5
334,TIRX,0.99,14.08,431,2,4,15,2021-04-16,1
335,CLOV,0.02,315.3,5,7,4,15,2021-04-16,20
336,CLOV,-0.9,80.1,110,2,4,15,2021-04-16,10
337,CLOV,0.5,55.43,20,4,4,15,2021-04-16,2
338,TIRX,-0.3,12.93,41,2,4,15,2021-04-16,1
339,TIRX,-0.41,13.23,87,2,4,15,2021-04-16,1
340,MTSL,-0.46,9.74,111,2,4,15,2021-04-16,2
341,EBET,2.0,364.81,33,7,4,15,2021-04-16,1
342,TV,0.81,66.2,10,3,2,15,2021-04-14,1
343,BTBT,1.02,112.41,124,4,2,15,2021-04-14,1
344,BTBT,1.85,91.9,108,2,2,15,2021-04-14,5
345,TV,-1.18,131.9,14,4,2,15,2021-04-14,5
346,UTSI,-1.46,147.68,181,6,2,15,2021-04-14,1
347,VTVT,-0.1,122.85,95,4,1,15,2021-04-13,35
348,VTVT,2.1,119.35,113,2,1,15,2021-04-13,35
349,VTVT,-1.05,117.95,90,2,1,15,2021-04-13,35
350,VTVT,0.78,116.89,12,2,1,15,2021-04-13,35
351,VTVT,2.12,82.5,61,2,1,15,2021-04-13,25
352,VTVT,0.82,64.1,0,4,1,15,2021-04-13,10
353,MFNC,-0.46,21.16,110,2,1,15,2021-04-13,1
354,MFNC,-0.2,42.56,69,4,1,15,2021-04-13,1
355,VTVT,-0.2,30.3,54,2,1,15,2021-04-13,10
356,VTVT,-0.2,61.6,130,2,1,15,2021-04-13,20
357,VTVT,-0.99,77.75,48,2,1,15,2021-04-13,25
358,VTVT,0.8,60.9,55,4,1,15,2021-04-13,10
359,BTN,-1.2,37.5,74,3,1,15,2021-04-13,5
360,ATNF,-0.3,61.15,98,2,0,15,2021-04-12,5
361,ATNF,0.46,181.85,77,4,0,15,2021-04-12,5
362,ACY,-0.01,26.32,91,4,0,15,2021-04-12,1
363,XTNT,-0.89,30.8,41,2,0,15,2021-04-12,10
364,XTNT,0.1,29.9,62,2,0,15,2021-04-12,10
365,XTNT,3.15,42.75,110,2,0,15,2021-04-12,15
366,ATNF,-0.76,73.29,138,4,0,15,2021-04-12,1
367,XTNT,-0.8,14.6,183,2,0,15,2021-04-12,5
368,EVLO,-0.47,12.55,76,2,0,15,2021-04-12,1
369,EARS,-1.14,54.04,83,3,0,15,2021-04-12,5
370,TENX,0.01,2.11,83,2,4,14,2021-04-09,1
371,TENX,0.01,2.1,130,2,4,14,2021-04-09,1
372,TENX,-1.25,57.25,125,3,4,14,2021-04-09,5
373,TENX,2.5,57.75,59,2,4,14,2021-04-09,25
374,GLSI,-19.65,405.75,179,4,4,14,2021-04-09,1
375,EARS,-1.05,128.4,124,3,3,14,2021-04-08,5
376,EARS,2.01,103.74,25,2,3,14,2021-04-08,25
377,EARS,-0.25,103.25,141,2,3,14,2021-04-08,25
378,EARS,-0.25,125.6,20,4,3,14,2021-04-08,5
379,EARS,-0.0,99.5,130,2,3,14,2021-04-08,25
380,VERY,0.19,20.34,135,2,3,14,2021-04-08,1
381,EARS,-1.5,98.25,146,2,3,14,2021-04-08,25
382,EARS,-0.15,58.65,73,2,3,14,2021-04-08,15
383,VERY,0.58,20.08,110,2,3,14,2021-04-08,1
384,VERY,-0.77,19.87,76,2,3,14,2021-04-08,1
385,RICE,-0.25,15.02,85,2,3,14,2021-04-08,1
386,RICE,1.3,88.43,18,4,3,14,2021-04-08,1
387,RICE,3.47,84.67,117,4,3,14,2021-04-08,1
388,ODT,0.9,72.45,115,2,2,14,2021-04-07,15
389,ODT,1.07,96.1,115,4,2,14,2021-04-07,5
390,ODT,0.61,23.9,31,2,2,14,2021-04-07,5
391,ODT,0.05,22.65,144,3,2,14,2021-04-07,2
392,XL,0.5,52.8,30,2,2,14,2021-04-07,5
393,XL,0.45,52.45,56,2,2,14,2021-04-07,5
394,XL,-0.2,206.8,96,4,2,14,2021-04-07,10
395,ODT,0.51,66.79,79,4,2,14,2021-04-07,5
396,ODT,-0.15,43.75,107,2,2,14,2021-04-07,10
397,ODT,0.72,43.7,110,2,2,14,2021-04-07,10
398,XL,-0.44,155.59,100,4,2,14,2021-04-07,5
399,XL,0.45,50.8,191,2,2,14,2021-04-07,5
400,ISIG,-3.37,51.08,49,3,2,14,2021-04-07,1
401,PHUN,-0.32,11.6,190,2,1,14,2021-04-06,5
402,PHUN,3.08,114.36,50,4,1,14,2021-04-06,25
403,PHUN,0.25,56.75,63,2,1,14,2021-04-06,25
404,XELB,0.02,3.94,52,2,0,14,2021-04-05,1
405,XELB,-0.0,3.7,48,2,0,14,2021-04-05,1
406,XELB,-0.0,3.83,93,2,0,14,2021-04-05,1
407,XELB,0.03,3.84,34,2,0,14,2021-04-05,1
408,XELB,0.01,3.8,123,2,0,14,2021-04-05,1
409,XELB,3.42,221.1,64,4,0,14,2021-04-05,10
410,XELB,-0.1,37.5,166,2,0,14,2021-04-05,10
411,XELB,-0.6,36.6,103,2,0,14,2021-04-05,10
412,XELB,-0.45,18.05,74,2,0,14,2021-04-05,5
413,XELB,4.0,166.25,27,4,0,14,2021-04-05,25
414,XELB,-1.0,32.8,33,2,0,14,2021-04-05,10
415,XELB,-0.45,16.15,113,2,0,14,2021-04-05,5
416,XELB,1.25,170.75,49,2,0,14,2021-04-05,50
417,XELB,4.0,80.5,73,2,0,14,2021-04-05,25
418,XELB,-1.2,33.2,187,2,0,14,2021-04-05,10
419,XELB,2.51,77.25,42,2,0,14,2021-04-05,25
420,XELB,1.36,43.35,130,2,0,14,2021-04-05,15
421,XELB,-1.2,26.8,171,2,0,14,2021-04-05,10
422,CEMI,-1.44,115.35,68,4,0,14,2021-04-05,10
423,BPTH,-0.15,48.8,109,2,0,14,2021-04-05,5
424,ACY,0.05,9.26,71,2,3,13,2021-04-01,1
425,ACY,-0.64,10.06,118,2,3,13,2021-04-01,1
426,ACY,-0.17,10.9,136,2,3,13,2021-04-01,1
427,ACY,0.44,9.71,185,2,3,13,2021-04-01,1
428,UPC,0.75,32.65,192,2,3,13,2021-04-01,5
429,UPC,-0.75,35.35,86,2,3,13,2021-04-01,5
430,UPC,-0.95,34.9,97,2,3,13,2021-04-01,5
431,FTFT,0.45,40.4,83,2,3,13,2021-04-01,5
432,UPC,0.7,28.85,173,2,3,13,2021-04-01,5
433,FTFT,-0.34,24.0,170,3,3,13,2021-04-01,3
434,GNLN,-0.5,27.95,83,2,2,13,2021-03-31,5
435,GNLN,-0.53,27.85,43,2,2,13,2021-03-31,5
436,GNLN,-0.41,27.91,145,3,2,13,2021-03-31,4
437,YVR,-0.95,23.85,101,2,2,13,2021-03-31,5
438,YVR,-0.27,14.7,112,2,2,13,2021-03-31,3
439,YVR,0.08,9.72,126,2,2,13,2021-03-31,2
440,YVR,-0.2,24.6,40,2,2,13,2021-03-31,5
441,YVR,-0.15,24.35,64,2,2,13,2021-03-31,5
442,YVR,3.0,96.6,82,2,2,13,2021-03-31,20
443,YVR,-1.12,48.42,76,2,2,13,2021-03-31,10
444,YVR,0.3,23.8,131,2,2,13,2021-03-31,5
445,YVR,-0.28,19.68,94,2,2,13,2021-03-31,4
446,YVR,1.6,44.8,36,2,2,13,2021-03-31,10
447,YVR,0.66,85.32,50,4,2,13,2021-03-31,5
448,YVR,0.09,46.7,0,7,2,13,2021-03-31,1
449,PFMT,0.07,6.8,82,2,1,13,2021-03-30,3
450,PFMT,0.6,45.0,112,4,1,13,2021-03-30,10
451,PFMT,-0.53,15.75,46,3,1,13,2021-03-30,2
452,PFMT,0.41,21.74,99,4,1,13,2021-03-30,5
453,PFMT,-0.09,10.45,55,2,1,13,2021-03-30,5
454,PFMT,-0.3,10.5,68,2,1,13,2021-03-30,5
455,VTSI,1.32,149.44,65,9,1,13,2021-03-30,1
456,VTSI,1.45,43.35,109,2,1,13,2021-03-30,5
457,VTSI,-0.2,43.5,133,2,1,13,2021-03-30,5
458,VTSI,1.5,87.3,94,2,1,13,2021-03-30,10
459,CSCW,-26.99,323.74,116,4,1,13,2021-03-30,25
460,CSCW,0.5,62.25,17,2,1,13,2021-03-30,25
461,CSCW,-0.1,25.4,78,2,1,13,2021-03-30,10
462,CSCW,2.25,37.35,53,3,1,13,2021-03-30,1
463,MBRX,-0.03,4.68,292,2,1,13,2021-03-30,1
464,HGEN,12.05,488.6,65,4,0,13,2021-03-29,5
465,HGEN,-1.95,144.59,107,4,0,13,2021-03-29,1
466,SEAC,2.75,84.25,134,2,0,13,2021-03-29,50
467,HGEN,-0.37,23.93,133,2,0,13,2021-03-29,1
468,HGEN,0.22,46.46,83,2,0,13,2021-03-29,2
469,SEAC,-3.89,101.0,172,4,0,13,2021-03-29,10
470,SEAC,1.0,42.25,150,2,0,13,2021-03-29,25
471,SEAC,0.1,17.1,18,2,0,13,2021-03-29,10
472,SEAC,2.25,123.0,110,5,0,13,2021-03-29,25
473,SEAC,-0.63,40.88,105,2,0,13,2021-03-29,25
474,UPC,-4.85,56.85,76,3,0,13,2021-03-29,5
475,UPC,-0.59,11.1,37,2,0,13,2021-03-29,1
476,FEDU,-13.38,218.59,172,5,4,12,2021-03-26,15
477,FEDU,-0.86,22.88,290,2,4,12,2021-03-26,10
478,FEDU,-1.1,22.6,71,2,4,12,2021-03-26,10
479,FEDU,-0.55,11.35,94,2,4,12,2021-03-26,5
480,EEIQ,-15.46,34.59,0,2,4,12,2021-03-26,1
481,WAFU,2.21,17.29,104,2,4,12,2021-03-26,1
482,ATNF,-8.82,113.72,125,7,4,12,2021-03-26,1
483,ATNF,0.35,10.16,92,2,4,12,2021-03-26,1
484,KOSS,-6.7,176.49,18,5,3,12,2021-03-25,5
485,KOSS,-1.16,74.18,84,3,3,12,2021-03-25,1
486,KOSS,-4.91,149.36,132,5,3,12,2021-03-25,1
487,KOSS,-0.38,24.4,91,2,3,12,2021-03-25,1
488,IMMP,-0.3,40.4,29,2,3,12,2021-03-25,10
489,IMMP,1.25,100.0,9,3,3,12,2021-03-25,25
490,IMMP,1.38,97.5,66,2,3,12,2021-03-25,25
491,IMMP,-0.62,38.62,63,3,3,12,2021-03-25,1
492,IMMP,-0.35,39.8,10,2,3,12,2021-03-25,10
493,IMMP,0.49,19.61,125,4,3,12,2021-03-25,1
494,IMMP,0.1,18.65,93,2,3,12,2021-03-25,5
495,APOP,0.22,111.22,27,5,3,12,2021-03-25,1
496,APOP,9.72,343.34,0,8,3,12,2021-03-25,1
497,APTO,7.98,180.92,17,8,2,12,2021-03-24,1
498,APTO,-8.17,631.68,0,12,2,12,2021-03-24,5
499,APTO,1.75,274.5,132,7,2,12,2021-03-24,10
500,APTO,-0.52,28.59,34,4,2,12,2021-03-24,1
501,APTO,2.2,55.0,92,2,2,12,2021-03-24,10
502,APTO,0.45,82.5,94,2,2,12,2021-03-24,15
503,APTO,3.66,166.54,109,5,2,12,2021-03-24,1
504,DLPN,5.41,101.1,180,4,1,12,2021-03-23,2
505,YVR,11.85,245.9,33,5,1,12,2021-03-23,25
506,DLPN,0.3,71.5,78,2,1,12,2021-03-23,5
507,YVR,-17.05,281.7,162,4,1,12,2021-03-23,15
508,DLPN,0.15,65.75,114,2,1,12,2021-03-23,5
509,DLPN,0.81,64.7,56,3,1,12,2021-03-23,5
510,YVR,1.5,104.85,101,2,1,12,2021-03-23,15
511,YVR,-1.1,34.2,101,3,1,12,2021-03-23,5
512,YVR,3.5,66.2,116,2,1,12,2021-03-23,10
513,YVR,-2.8,66.6,120,2,1,12,2021-03-23,10
514,YVR,0.1,65.8,60,2,1,12,2021-03-23,10
515,DLPN,-0.33,11.7,540,2,1,12,2021-03-23,1
516,SPRT,-12.08,547.05,14,8,0,12,2021-03-22,5
517,SPRT,0.75,90.4,98,4,0,12,2021-03-22,5
518,SPRT,4.87,83.95,126,2,0,12,2021-03-22,10
519,SPRT,-3.48,117.78,58,5,0,12,2021-03-22,4
520,SPRT,0.69,298.2,41,5,0,12,2021-03-22,10
521,SPRT,0.71,160.7,19,4,0,12,2021-03-22,10
522,SPRT,0.12,39.58,92,2,0,12,2021-03-22,5
523,MRKR,-0.34,15.5,107,2,0,12,2021-03-22,5
524,MRKR,-0.95,31.95,108,2,0,12,2021-03-22,10
525,SPRT,-3.07,49.67,113,4,0,12,2021-03-22,1
526,CLVS,0.7,82.9,106,2,4,11,2021-03-19,10
527,CLVS,0.2,41.05,88,2,4,11,2021-03-19,5
528,CLVS,0.62,77.0,36,2,4,11,2021-03-19,10
529,CLVS,0.8,114.1,67,4,4,11,2021-03-19,5
530,CLVS,1.15,37.25,98,2,4,11,2021-03-19,5
531,CLVS,0.51,21.78,181,2,4,11,2021-03-19,3
532,CLVS,3.5,175.75,68,2,4,11,2021-03-19,25
533,CLVS,3.76,278.2,64,6,4,11,2021-03-19,5
534,CLVS,2.38,101.6,138,4,4,11,2021-03-19,5
535,CLVS,-2.19,171.25,118,4,4,11,2021-03-19,10
536,SPCB,-0.21,2.93,119,2,4,11,2021-03-19,1
537,OCG,0.85,15.72,78,2,3,11,2021-03-18,1
538,OCG,-0.89,15.94,14,2,3,11,2021-03-18,1
539,DXF,-3.75,67.5,121,2,3,11,2021-03-18,25
540,DXF,0.45,26.45,121,2,3,11,2021-03-18,10
541,OCG,11.85,81.14,737,4,3,11,2021-03-18,1
542,DXF,0.2,13.0,30,2,3,11,2021-03-18,5
543,OCG,-0.62,13.12,76,2,3,11,2021-03-18,1
544,OCG,-0.5,13.0,96,2,3,11,2021-03-18,1
545,OCG,-0.73,14.0,79,2,3,11,2021-03-18,1
546,AREC,-0.45,27.45,83,2,2,11,2021-03-17,5
547,AREC,-1.6,109.6,58,2,2,11,2021-03-17,20
548,AREC,-1.2,54.5,147,2,2,11,2021-03-17,10
549,ZCMD,-1.49,18.19,311,2,2,11,2021-03-17,5
550,ZCMD,-0.2,78.0,18,2,2,11,2021-03-17,20
551,ZCMD,-0.22,7.6,138,2,2,11,2021-03-17,2
552,ZCMD,-0.9,39.0,83,2,2,11,2021-03-17,10
553,ZCMD,4.01,148.33,0,8,2,11,2021-03-17,1
554,ZCMD,-0.3,33.7,115,3,2,11,2021-03-17,10
555,AREC,0.26,27.9,53,4,2,11,2021-03-17,5
556,SPY,-12.0,159.0,375,2,1,11,2021-03-16,1
557,SSY,-6.52,76.2,41,4,1,11,2021-03-16,1
558,SSY,1.0,69.8,70,2,1,11,2021-03-16,10
559,SSY,-0.95,101.65,25,4,1,11,2021-03-16,5
560,SSY,-1.24,34.74,81,2,1,11,2021-03-16,5
561,SSY,-0.13,13.99,73,4,1,11,2021-03-16,1
562,SVRA,-1.83,102.15,17,4,1,11,2021-03-16,5
563,SVRA,-0.0,76.75,39,3,1,11,2021-03-16,25
564,SVRA,-3.64,106.35,47,5,1,11,2021-03-16,5
565,SVRA,1.4,28.4,113,2,1,11,2021-03-16,10
566,SSY,0.2,20.7,169,2,1,11,2021-03-16,5
567,CANF,0.19,4.16,71,2,1,11,2021-03-16,1
568,CANF,0.01,20.0,272,3,1,11,2021-03-16,5
569,GPS,-1.0,19.0,290,2,2,11,2021-03-17,1
570,SGLB,9.56,286.49,95,6,0,11,2021-03-15,5
571,SGLB,-0.04,14.26,29,4,0,11,2021-03-15,1
572,SGLB,3.42,87.51,130,6,0,11,2021-03-15,1
573,SGLB,-0.45,31.2,54,2,0,11,2021-03-15,5
574,CHEK,-0.23,128.14,121,4,0,11,2021-03-15,5
575,CHEK,-0.5,108.0,42,2,0,11,2021-03-15,25
576,CHEK,0.8,41.4,148,2,0,11,2021-03-15,10
577,CHEK,4.67,110.18,128,4,0,11,2021-03-15,1
578,CHEK,0.27,4.12,165,2,0,11,2021-03-15,1
579,CHEK,-0.05,20.7,156,2,0,11,2021-03-15,5
580,CHEK,0.35,18.6,224,4,0,11,2021-03-15,5
581,SEEL,2.91,294.55,56,6,4,10,2021-03-12,10
582,ENTX,-0.87,9.2,200,2,4,10,2021-03-12,1
583,NLSP,-2.46,69.96,120,3,4,10,2021-03-12,10
584,NLSP,-0.27,20.73,135,2,4,10,2021-03-12,3
585,NLSP,3.55,136.57,88,4,4,10,2021-03-12,5
586,NLSP,-8.23,140.7,51,4,4,10,2021-03-12,5
587,NLSP,-0.24,13.88,151,2,4,10,2021-03-12,2
588,NLSP,0.25,33.6,122,2,4,10,2021-03-12,5
589,NLSP,1.0,65.8,113,2,4,10,2021-03-12,10
590,NLSP,3.65,132.35,121,4,4,10,2021-03-12,5
591,NLSP,1.12,39.22,47,4,4,10,2021-03-12,1
592,NLSP,-1.5,31.25,260,2,4,10,2021-03-12,5
593,ANIX,-0.35,7.5,95,2,4,10,2021-03-12,1
594,ENTX,-0.3,7.35,125,2,3,10,2021-03-11,1
595,ENTX,0.54,15.14,51,3,3,10,2021-03-11,2
596,ENTX,-0.14,22.28,92,4,3,10,2021-03-11,1
597,ENTX,0.28,7.04,98,2,3,10,2021-03-11,1
598,ENTX,-0.08,11.82,21,2,3,10,2021-03-11,2
599,ENTX,0.5,10.78,145,2,3,10,2021-03-11,2
600,SLGG,0.18,16.14,13,2,3,10,2021-03-11,2
601,ENTX,1.75,108.8,69,4,3,10,2021-03-11,5
602,PHUN,-2.63,371.73,0,9,3,10,2021-03-11,1
603,ENTX,-2.0,54.9,54,2,3,10,2021-03-11,10
604,PHUN,-0.15,29.8,66,2,3,10,2021-03-11,10
605,PHUN,0.55,28.9,87,2,3,10,2021-03-11,10
606,PHUN,2.45,87.02,52,4,3,10,2021-03-11,5
607,PHUN,1.1,27.9,139,2,3,10,2021-03-11,10
608,ENTX,0.7,27.2,67,2,3,10,2021-03-11,5
609,ENTX,-0.21,26.75,22,2,3,10,2021-03-11,5
610,ENTX,2.26,161.44,14,4,3,10,2021-03-11,5
611,ENTX,-0.05,5.44,121,2,3,10,2021-03-11,1
612,ENTX,2.2,52.5,48,2,3,10,2021-03-11,10
613,ENTX,1.25,49.95,93,2,3,10,2021-03-11,10
614,ENTX,1.8,58.9,133,4,3,10,2021-03-11,2
615,ENTX,-0.37,4.67,78,2,3,10,2021-03-11,1
616,ENTX,-0.34,9.6,143,2,3,10,2021-03-11,2
617,ENTX,-0.25,5.06,43,2,3,10,2021-03-11,1
618,ENTX,0.86,34.74,93,7,3,10,2021-03-11,1
619,ENTX,0.67,9.77,66,4,3,10,2021-03-11,1
620,ENVB,0.1,34.25,118,2,2,10,2021-03-10,5
621,ENVB,-0.5,32.8,11,2,2,10,2021-03-10,5
622,ENVB,1.3,32.05,60,2,2,10,2021-03-10,5
623,ENVB,0.31,31.4,58,2,2,10,2021-03-10,5
624,ENVB,-0.18,43.68,10,4,2,10,2021-03-10,2
625,ENVB,0.12,6.17,106,2,2,10,2021-03-10,1
626,ENVB,3.2,60.75,0,4,2,10,2021-03-10,5
627,ENVB,-0.37,11.28,164,3,2,10,2021-03-10,2
628,XELA,-0.37,7.38,39,2,2,10,2021-03-10,1
629,ENVB,0.38,12.38,117,2,2,10,2021-03-10,2
630,ENVB,-0.31,11.86,70,2,2,10,2021-03-10,2
631,ENVB,12.19,305.71,48,6,2,10,2021-03-10,5
632,ENVB,1.73,32.88,90,4,2,10,2021-03-10,1
633,ENVB,0.39,27.4,35,5,2,10,2021-03-10,5
634,ENVB,-0.5,26.4,130,2,2,10,2021-03-10,5
635,XELA,0.25,251.35,0,10,1,10,2021-03-09,5
636,INVO,0.04,11.72,101,2,1,10,2021-03-09,1
637,XELA,-6.7,125.45,122,4,1,10,2021-03-09,5
638,XELA,1.22,41.6,37,2,1,10,2021-03-09,10
639,XELA,0.4,20.7,92,2,1,10,2021-03-09,5
640,XELA,1.06,118.05,40,4,1,10,2021-03-09,5
641,XELA,-0.1,118.7,31,4,1,10,2021-03-09,5
642,XELA,4.08,185.92,130,4,1,10,2021-03-09,25
643,XELA,1.09,74.8,0,4,1,10,2021-03-09,5
644,XELA,-0.09,17.4,42,2,1,10,2021-03-09,5
645,XELA,-0.3,33.4,97,2,1,10,2021-03-09,10
646,XELA,-0.39,16.85,73,2,1,10,2021-03-09,5
647,XELA,-0.3,16.7,61,3,1,10,2021-03-09,1
648,XELA,3.05,79.75,123,2,1,10,2021-03-09,25
649,XELA,0.46,14.95,88,2,1,10,2021-03-09,5
650,XELA,10.33,163.89,79,4,1,10,2021-03-09,10
651,XELA,-2.46,69.74,115,2,1,10,2021-03-09,25
652,OGEN,-0.0,1.34,58,2,1,10,2021-03-09,1
653,OGEN,0.01,1.33,39,2,1,10,2021-03-09,1
654,EYES,-1.0,12.65,160,2,0,10,2021-03-08,1
655,OPGN,-0.65,69.93,33,2,0,10,2021-03-08,25
656,EYES,0.77,12.58,154,2,0,10,2021-03-08,1
657,OPGN,-0.7,113.97,49,4,0,10,2021-03-08,15
658,EYES,9.0,262.0,380,3,0,10,2021-03-08,11
659,OPGN,-1.38,73.2,23,2,0,10,2021-03-08,25
660,OPGN,3.13,64.12,81,2,0,10,2021-03-08,25
661,EYES,-5.7,362.37,0,5,0,10,2021-03-08,1
662,XSPA,-0.01,1.88,8,2,0,10,2021-03-08,1
663,EYES,-2.04,274.14,0,13,0,10,2021-03-08,1
664,EYES,0.22,16.49,124,2,4,09,2021-03-05,5
665,EYES,1.0,14.85,131,2,4,09,2021-03-05,5
666,EYES,-0.45,14.65,69,2,4,09,2021-03-05,5
667,EYES,0.05,15.15,109,2,4,09,2021-03-05,5
668,EYES,0.16,5.62,154,2,4,09,2021-03-05,2
669,EYES,0.5,12.45,111,2,4,09,2021-03-05,5
670,EYES,1.23,73.67,14,4,4,09,2021-03-05,5
671,EYES,-0.2,9.92,36,2,4,09,2021-03-05,4
672,EYES,-1.0,49.6,107,2,4,09,2021-03-05,20
673,EYES,2.25,59.75,103,2,4,09,2021-03-05,25
674,EYES,23.22,740.7,0,16,4,09,2021-03-05,25
675,EYES,-0.25,2.4,106,2,4,09,2021-03-05,1
676,METX,-2.25,136.0,118,4,4,09,2021-03-05,50
677,METX,-3.95,202.0,173,6,4,09,2021-03-05,25
678,AAPL,-28.0,116.0,223,2,3,09,2021-03-04,1
679,SLGG,-18.59,515.47,107,4,3,09,2021-03-04,25
680,SLGG,-4.25,171.25,27,2,3,09,2021-03-04,25
681,SLGG,-15.59,384.25,122,4,3,09,2021-03-04,5
682,SLGG,3.18,110.62,66,4,3,09,2021-03-04,1
683,SLGG,-0.01,6.26,81,2,3,09,2021-03-04,1
684,SKT,-0.93,22.28,235,2,3,09,2021-03-04,1
685,OCGN,-0.2,13.63,138,2,2,09,2021-03-03,1
686,OCGN,2.98,287.37,0,7,2,09,2021-03-03,1
687,OCGN,0.32,27.4,37,2,2,09,2021-03-03,2
688,OCGN,0.16,13.7,147,2,2,09,2021-03-03,1
689,SLGG,24.89,444.64,51,6,2,09,2021-03-03,1
690,UWMC,0.11,181.95,62,5,2,09,2021-03-03,15
691,UWMC,-4.0,243.4,157,3,2,09,2021-03-03,10
692,SLGG,-0.8,27.9,114,2,2,09,2021-03-03,5
693,CHFS,1.35,216.35,128,6,1,09,2021-03-02,10
694,JCS,-63.86,594.88,75,4,1,09,2021-03-02,15
695,JCS,-18.87,177.66,96,3,1,09,2021-03-02,1
696,JCS,-8.18,189.03,69,4,1,09,2021-03-02,1
697,SOS,-8.95,348.95,143,5,0,09,2021-03-01,10
698,AMTX,-3.16,145.6,70,2,0,09,2021-03-01,10
699,AMTX,-1.05,43.59,199,2,0,09,2021-03-01,3
700,ECOR,0.42,68.79,48,2,0,09,2021-03-01,20
701,SOS,-4.97,172.47,152,2,0,09,2021-03-01,25
702,SOS,-1.02,103.02,119,2,0,09,2021-03-01,15
703,ECOR,-1.5,78.25,114,2,0,09,2021-03-01,25
704,SOS,-1.61,138.45,22,4,0,09,2021-03-01,5
705,SOS,-0.48,35.69,33,2,0,09,2021-03-01,5
706,SOS,2.26,103.74,77,4,0,09,2021-03-01,5
707,SOS,1.0,34.1,68,3,0,09,2021-03-01,2
708,SOS,0.91,33.65,134,2,0,09,2021-03-01,5
709,SOS,3.31,225.74,131,4,0,09,2021-03-01,10
710,SOS,-0.75,31.7,88,2,0,09,2021-03-01,5
711,ECOR,-0.02,2.74,67,2,0,09,2021-03-01,1
712,LIXT,11.7,328.2,112,14,4,08,2021-02-26,15
713,LIXT,-6.5,217.8,67,4,4,08,2021-02-26,10
714,LIXT,0.3,361.9,92,6,4,08,2021-02-26,10
715,GME,-9.7,143.76,638,2,3,08,2021-02-25,1
716,GME,-8.39,150.42,145,2,3,08,2021-02-25,1
717,GME,1.21,147.42,129,2,3,08,2021-02-25,1
718,GME,2.21,144.4,87,2,3,08,2021-02-25,1
719,SCKT,-0.84,33.98,130,2,3,08,2021-02-25,2
720,SCKT,-0.32,17.18,34,2,3,08,2021-02-25,1
721,SCKT,-0.94,36.54,127,2,3,08,2021-02-25,2
722,SCKT,0.35,17.93,23,2,3,08,2021-02-25,1
723,SCKT,1.02,35.94,113,2,3,08,2021-02-25,2
724,SCKT,0.4,16.97,10,2,3,08,2021-02-25,1
725,SCKT,0.15,16.68,51,2,3,08,2021-02-25,1
726,SCKT,4.64,157.67,60,4,3,08,2021-02-25,5
727,SCKT,0.1,189.84,131,4,3,08,2021-02-25,2
728,GME,7.46,148.97,81,2,3,08,2021-02-25,1
729,SSNT,-2.99,53.0,23,2,3,08,2021-02-25,5
730,AMC,0.11,10.73,36,2,3,08,2021-02-25,1
731,GME,4.37,165.59,103,2,3,08,2021-02-25,1
732,GME,-2.69,160.26,0,2,3,08,2021-02-25,1
733,GME,-1.13,154.03,150,2,3,08,2021-02-25,1
734,AMC,-0.0,10.3,100,2,3,08,2021-02-25,1
735,SNSS,1.04,33.94,33,2,2,08,2021-02-24,5
736,SNSS,0.07,6.8,116,2,2,08,2021-02-24,1
737,SYPR,0.16,12.14,298,2,2,08,2021-02-24,2
738,SYPR,11.41,424.64,168,6,2,08,2021-02-24,10
739,SYPR,-2.02,252.0,17,4,2,08,2021-02-24,10
740,SYPR,-1.13,38.18,68,2,2,08,2021-02-24,5
741,SYPR,2.5,33.55,104,3,2,08,2021-02-24,5
742,RRD,-0.0,3.12,6,2,2,08,2021-02-24,1
743,SYPR,0.75,32.7,109,4,2,08,2021-02-24,5
744,SYPR,-0.75,33.95,89,2,2,08,2021-02-24,5
745,SYPR,0.26,40.39,126,4,2,08,2021-02-24,1
746,CTIB,4.45,92.0,55,7,1,08,2021-02-23,10
747,CTIB,-9.39,137.19,113,6,1,08,2021-02-23,5
748,CTIB,-4.62,83.5,33,4,1,08,2021-02-23,3
749,CTIB,-0.6,71.4,111,2,1,08,2021-02-23,15
750,CTIB,1.08,77.48,18,4,1,08,2021-02-23,2
751,CTIB,-0.8,23.05,88,2,1,08,2021-02-23,5
752,CTIB,0.8,45.2,131,2,1,08,2021-02-23,10
753,CTIB,6.4,341.95,0,8,1,08,2021-02-23,5
754,AMC,-0.07,7.14,167,2,1,08,2021-02-23,1
755,TMST,-0.0,39.65,103,2,1,08,2021-02-23,5
756,TMST,-0.33,8.14,114,2,1,08,2021-02-23,1
757,TMST,0.85,23.49,124,2,1,08,2021-02-23,3
758,TMST,-0.36,8.0,181,2,1,08,2021-02-23,1
759,CTIB,-0.0,3.68,31,2,1,08,2021-02-23,1
760,CTIB,-0.01,3.69,101,2,1,08,2021-02-23,1
761,CTIB,-0.02,3.8,21,2,1,08,2021-02-23,1
762,CTIB,-0.03,8.72,48,4,1,08,2021-02-23,1
763,CTIB,0.69,41.7,18,5,1,08,2021-02-23,5
764,CTIB,-0.45,20.65,73,2,1,08,2021-02-23,5
765,RSVA,12.38,300.7,95,6,0,08,2021-02-22,2
766,RSVA,-1.86,49.54,169,2,0,08,2021-02-22,2
767,RSVA,-9.33,255.53,0,7,0,08,2021-02-22,1
768,CTXR,-2.44,130.5,113,2,0,08,2021-02-22,50
769,CTXR,-1.94,195.97,74,4,0,08,2021-02-22,25
770,RETO,-18.29,346.25,0,7,0,08,2021-02-22,5
771,RETO,-1.1,17.6,66,2,0,08,2021-02-22,5
772,RETO,2.85,87.91,77,4,0,08,2021-02-22,1
773,CLSN,0.5,17.1,65,2,0,08,2021-02-22,5
774,CLSN,1.6,100.35,114,9,0,08,2021-02-22,15
775,CLSN,-0.75,50.25,126,2,0,08,2021-02-22,15
776,VCNX,4.53,178.27,79,4,4,07,2021-02-19,10
777,VCNX,-1.29,44.99,36,2,4,07,2021-02-19,5
778,VCNX,-0.5,44.68,35,2,4,07,2021-02-19,5
779,VCNX,-1.62,54.54,42,3,4,07,2021-02-19,1
780,VCNX,0.03,9.21,35,2,4,07,2021-02-19,1
781,VCNX,0.13,8.95,31,2,4,07,2021-02-19,1
782,VCNX,-0.21,8.97,46,2,4,07,2021-02-19,1
783,VCNX,0.28,8.68,106,2,4,07,2021-02-19,1
784,VCNX,3.15,125.34,75,6,4,07,2021-02-19,1
785,VCNX,-0.65,38.95,37,2,4,07,2021-02-19,5
786,VCNX,-0.27,15.88,51,2,4,07,2021-02-19,2
787,VCNX,8.3,272.4,76,4,4,07,2021-02-19,10
788,VCNX,2.71,123.54,38,6,4,07,2021-02-19,1
789,VCNX,1.98,21.84,118,2,4,07,2021-02-19,3
790,VCNX,-0.75,22.38,116,3,4,07,2021-02-19,2
791,VCNX,0.51,6.9,118,2,4,07,2021-02-19,1
792,JFU,-0.03,3.32,99,2,4,07,2021-02-19,1
793,CEI,-0.7,14.55,207,2,3,07,2021-02-18,5
794,CEI,1.91,56.89,119,4,3,07,2021-02-18,5
795,CEI,-0.09,28.7,99,2,3,07,2021-02-18,10
796,CEI,0.8,27.8,58,2,3,07,2021-02-18,10
797,CEI,-0.02,2.6,139,2,3,07,2021-02-18,1
798,GTEC,27.75,590.55,60,6,3,07,2021-02-18,5
799,GTEC,-5.93,119.93,126,2,3,07,2021-02-18,5
800,GTEC,-13.75,128.25,160,2,3,07,2021-02-18,5
801,GTEC,0.21,24.29,42,2,3,07,2021-02-18,1
802,CEI,-0.01,2.63,38,2,3,07,2021-02-18,1
803,GTEC,1.4,45.9,122,4,3,07,2021-02-18,1
804,CLPS,5.18,81.42,36,2,2,07,2021-02-17,5
805,CLPS,-1.29,81.16,154,2,2,07,2021-02-17,5
806,CLPS,-0.73,16.95,11,2,2,07,2021-02-17,1
807,CLPS,0.06,16.38,24,2,2,07,2021-02-17,1
808,CLPS,4.25,94.96,59,5,2,07,2021-02-17,1
809,CLPS,-0.91,16.04,37,2,2,07,2021-02-17,1
810,CLPS,-0.89,15.98,121,2,2,07,2021-02-17,1
811,CLPS,15.55,260.7,0,6,2,07,2021-02-17,5
812,EBON,2.27,163.8,34,4,2,07,2021-02-17,5
813,EBON,0.13,108.92,18,4,2,07,2021-02-17,5
814,EBON,0.08,10.62,117,2,2,07,2021-02-17,1
815,DOGZ,-0.01,3.38,62,2,2,07,2021-02-17,1
816,CLPS,5.95,244.55,16,8,2,07,2021-02-17,5
817,SOS,-2.14,119.55,130,3,1,07,2021-02-16,5
818,SOS,-2.2,58.95,44,2,1,07,2021-02-16,5
819,SCKT,-13.42,197.62,95,4,1,07,2021-02-16,5
820,SCKT,-2.92,64.28,79,2,1,07,2021-02-16,5
821,TRCH,1.92,109.7,0,2,1,07,2021-02-16,25
822,SCKT,-2.96,80.25,43,3,1,07,2021-02-16,1
823,SCKT,-0.43,13.33,85,2,1,07,2021-02-16,1
824,SCKT,3.34,77.83,90,4,1,07,2021-02-16,1
825,SCKT,-0.82,13.22,173,2,1,07,2021-02-16,1
826,SOS,-0.39,11.39,199,2,1,07,2021-02-16,1
827,SCKT,3.85,53.6,389,2,1,07,2021-02-16,5
828,TRCH,1.6,165.6,169,2,1,07,2021-02-16,40
829,TRCH,-1.69,103.22,67,2,1,07,2021-02-16,25
830,TRCH,-0.01,4.12,104,2,1,07,2021-02-16,1
831,SCKT,0.52,10.23,101,2,1,07,2021-02-16,1
832,ARTL,0.91,15.89,106,2,4,06,2021-02-12,5
833,ARTL,3.03,315.88,130,6,4,06,2021-02-12,25
834,ARTL,-0.01,3.1,69,2,4,06,2021-02-12,1
835,ARTL,-1.68,16.49,279,2,4,06,2021-02-12,5
836,ARTL,25.18,296.44,126,4,4,06,2021-02-12,50
837,ARTL,-0.01,2.79,38,2,4,06,2021-02-12,1
838,CLEU,0.4,47.8,188,2,4,06,2021-02-12,5
839,ARTL,-2.25,47.7,56,3,4,06,2021-02-12,15
840,GRNQ,-14.85,396.85,216,4,3,06,2021-02-11,25
841,NAKD,-5.88,198.89,136,2,3,06,2021-02-11,100
842,RCMT,-10.66,153.93,83,3,3,06,2021-02-11,5
843,NAKD,-6.23,308.24,170,4,3,06,2021-02-11,50
844,NAKD,-7.88,106.44,98,2,3,06,2021-02-11,50
845,NAKD,2.11,193.89,31,2,3,06,2021-02-11,100
846,CLSN,0.28,75.47,88,2,3,06,2021-02-11,25
847,CLSN,-4.19,164.94,113,2,3,06,2021-02-11,50
848,SNDL,-0.0,3.01,93,2,3,06,2021-02-11,1
849,SNDL,-0.0,3.2,12,2,3,06,2021-02-11,1
850,BPTH,-0.05,21.62,31,2,2,06,2021-02-10,1
851,BPTH,-0.08,23.09,52,2,2,06,2021-02-10,1
852,OLB,13.36,281.45,70,6,2,06,2021-02-10,5
853,BPTH,5.77,111.3,108,4,2,06,2021-02-10,1
854,OLB,-0.11,13.98,117,2,2,06,2021-02-10,1
855,OLB,-5.68,87.55,138,3,2,06,2021-02-10,1
856,UAMY,-0.01,1.44,30,2,2,06,2021-02-10,1
857,UAMY,-0.02,1.46,80,2,2,06,2021-02-10,1
858,UAMY,-0.01,1.45,21,2,2,06,2021-02-10,1
859,UAMY,-0.01,1.45,84,2,2,06,2021-02-10,1
860,AUVI,15.77,315.58,0,6,1,06,2021-02-09,5
861,AUVI,-3.8,61.7,110,2,1,06,2021-02-09,5
862,ITRM,-0.36,9.48,233,2,1,06,2021-02-09,4
863,AUVI,4.79,109.79,76,4,1,06,2021-02-09,5
864,ITRM,-8.94,134.44,167,2,1,06,2021-02-09,50
865,ITRM,6.25,181.25,123,4,1,06,2021-02-09,50
866,ITRM,-3.13,98.93,89,4,1,06,2021-02-09,15
867,ITRM,-0.0,2.44,21,2,1,06,2021-02-09,1
868,OCGN,0.57,60.0,42,2,0,06,2021-02-08,5
869,OCGN,-3.0,120.7,121,2,0,06,2021-02-08,10
870,OCGN,-4.22,304.24,75,7,0,06,2021-02-08,5
871,OCGN,1.42,58.03,96,2,0,06,2021-02-08,5
872,OCGN,-2.7,121.7,62,2,0,06,2021-02-08,10
873,OCGN,-0.15,61.5,108,2,0,06,2021-02-08,5
874,OCGN,1.4,116.7,67,2,0,06,2021-02-08,10
875,OCGN,-1.98,116.28,22,2,0,06,2021-02-08,10
876,OCGN,-1.37,59.08,137,2,0,06,2021-02-08,5
877,OCGN,4.31,287.44,99,2,0,06,2021-02-08,25
878,OCGN,7.35,195.92,158,4,0,06,2021-02-08,4
879,OCGN,-1.25,50.3,128,2,0,06,2021-02-08,5
880,OCGN,0.03,10.41,21,2,0,06,2021-02-08,1
881,BSQR,8.26,222.04,29,4,4,05,2021-02-05,10
882,BSQR,1.05,29.4,63,2,4,05,2021-02-05,5
883,BSQR,6.43,104.32,126,2,4,05,2021-02-05,25
884,BSQR,-6.88,108.58,91,2,4,05,2021-02-05,25
885,BSQR,-2.38,110.44,33,2,4,05,2021-02-05,25
886,BSQR,7.86,111.6,119,4,4,05,2021-02-05,1
887,BSQR,-0.04,3.32,27,2,4,05,2021-02-05,1
888,STG,4.5,142.5,67,4,4,05,2021-02-05,25
889,STG,0.01,2.76,90,2,4,05,2021-02-05,1
890,STG,0.31,14.0,165,2,4,05,2021-02-05,5
891,STG,-1.5,66.25,121,2,4,05,2021-02-05,25
892,STG,1.23,29.8,42,2,4,05,2021-02-05,11
893,LIZI,1.26,66.5,117,2,3,05,2021-02-04,5
894,LIZI,2.3,263.35,94,5,3,05,2021-02-04,5
895,LIZI,-0.79,64.94,139,2,3,05,2021-02-04,5
896,AACG,9.74,223.47,16,6,3,05,2021-02-04,25
897,AACG,-4.02,123.94,108,3,3,05,2021-02-04,3
898,AACG,1.5,114.75,70,3,3,05,2021-02-04,5
899,AACG,1.28,73.56,124,5,3,05,2021-02-04,1
900,AACG,0.48,4.14,166,2,3,05,2021-02-04,1
901,AACG,-0.5,19.05,111,2,3,05,2021-02-04,5
902,TYME,1.64,236.5,75,2,2,05,2021-02-03,50
903,TYME,4.25,187.25,106,2,2,05,2021-02-03,50
904,TYME,0.5,185.0,69,2,2,05,2021-02-03,50
905,TYME,3.53,81.25,131,3,2,05,2021-02-03,2
906,TYME,5.0,153.5,16,2,2,05,2021-02-03,50
907,TYME,-0.0,2.86,20,2,2,05,2021-02-03,1
908,AREC,10.53,267.0,121,5,1,05,2021-02-02,25
909,AREC,4.0,88.75,142,2,1,05,2021-02-02,25
910,AREC,-3.75,89.25,47,2,1,05,2021-02-02,25
911,ARTL,-0.01,1.6,35,2,1,05,2021-02-02,1
912,ARTL,-0.0,1.52,60,2,1,05,2021-02-02,1
913,ARTL,-0.02,1.58,99,2,1,05,2021-02-02,1
914,LODE,29.02,547.48,33,6,0,05,2021-02-01,50
915,LODE,-14.0,186.5,245,3,0,05,2021-02-01,25
916,LODE,2.0,87.0,59,2,0,05,2021-02-01,25
917,LODE,-4.87,94.25,156,2,0,05,2021-02-01,25
918,LODE,2.5,96.25,80,2,0,05,2021-02-01,25
919,LODE,4.0,90.25,91,2,0,05,2021-02-01,25
920,LODE,-3.0,88.75,87,2,0,05,2021-02-01,25
921,LODE,4.25,72.0,114,2,0,05,2021-02-01,25
922,LODE,-2.4,30.2,129,2,0,05,2021-02-01,10
923,LODE,0.01,2.97,87,2,0,05,2021-02-01,1
924,LODE,5.62,62.5,55,2,0,05,2021-02-01,25
925,LODE,-0.02,2.35,115,2,0,05,2021-02-01,1
926,LODE,-0.99,56.74,77,2,0,05,2021-02-01,25
927,LODE,-0.01,2.21,72,2,0,05,2021-02-01,1
928,LODE,-0.41,2.55,597,2,0,05,2021-02-01,1
929,CATB,3.55,133.25,97,2,4,04,2021-01-29,25
930,CATB,7.78,123.25,72,2,4,04,2021-01-29,25
931,CATB,5.75,123.5,120,2,4,04,2021-01-29,25
932,CATB,8.03,161.85,103,4,4,04,2021-01-29,10
933,LGHL,-6.0,116.5,97,4,4,04,2021-01-29,3
934,LGHL,-1.41,24.2,142,3,4,04,2021-01-29,5
935,NAKD,-2.38,48.0,191,2,4,04,2021-01-29,25
936,NAKD,-0.02,1.98,10,2,4,04,2021-01-29,1
937,SNDL,0.03,31.47,72,2,3,04,2021-01-28,25
938,SNDL,0.5,30.0,62,2,3,04,2021-01-28,25
939,NAKD,2.2,78.75,38,4,3,04,2021-01-28,25
940,NAKD,2.75,74.5,99,2,3,04,2021-01-28,25
941,NAKD,2.63,137.0,101,3,3,04,2021-01-28,50
942,XSPA,3.0,389.75,85,6,3,04,2021-01-28,25
943,XSPA,-3.05,157.58,166,3,3,04,2021-01-28,1
944,XSPA,-0.12,3.15,105,2,3,04,2021-01-28,1
945,GME,2.0,5.0,0,2,2,04,2021-01-27,1
946,EXPR,4.79,324.9,16,6,2,04,2021-01-27,25
947,EXPR,-3.06,324.66,64,4,2,04,2021-01-27,25
948,EXPR,8.8,303.25,154,4,2,04,2021-01-27,25
949,EXPR,-2.16,155.0,162,2,2,04,2021-01-27,25
950,EXPR,1.84,149.66,14,2,2,04,2021-01-27,25
951,EXPR,-4.14,98.62,61,3,2,04,2021-01-27,1
952,PHUN,1.12,58.38,67,2,1,04,2021-01-26,25
953,PHUN,-2.42,117.5,72,2,1,04,2021-01-26,50
954,PHUN,0.72,112.0,43,2,1,04,2021-01-26,50
955,MOTS,0.1,96.5,42,2,1,04,2021-01-26,50
956,EYES,1.7,69.75,64,3,1,04,2021-01-26,25
957,EYES,11.06,199.69,173,5,1,04,2021-01-26,25
958,EYES,-0.01,2.68,101,2,1,04,2021-01-26,1
959,ATOS,1.53,130.5,50,2,0,04,2021-01-25,50
960,ATOS,1.1,129.98,50,2,0,04,2021-01-25,50
961,OEG,1.47,177.2,34,2,0,04,2021-01-25,25
962,OEG,0.5,175.25,165,2,0,04,2021-01-25,25
963,OEG,-1.69,72.19,69,2,0,04,2021-01-25,10
964,AMC,6.34,225.41,65,4,0,04,2021-01-25,25
965,OBLN,4.0,359.0,71,2,4,03,2021-01-22,50
966,OBLN,13.0,347.5,38,2,4,03,2021-01-22,50
967,CLPS,-3.42,219.42,77,2,4,03,2021-01-22,50
968,BBIG,-14.45,206.17,593,5,3,03,2021-01-21,15
969,BBIG,-24.9,416.9,79,2,3,03,2021-01-21,50
970,ADTX,7.25,207.0,117,2,3,03,2021-01-21,50
971,BBIG,8.31,317.94,165,3,3,03,2021-01-21,50
972,CLSN,-0.0,2.36,11,2,3,03,2021-01-21,1
973,OBLN,-1.0,48.9,189,2,2,03,2021-01-20,5
974,OBLN,1.78,149.47,83,2,2,03,2021-01-20,25
975,OBLN,-0.5,148.25,134,2,2,03,2021-01-20,25
976,OBLN,4.51,189.5,31,2,2,03,2021-01-20,50
977,CLBS,9.5,219.5,118,2,2,03,2021-01-20,50
978,CLBS,-9.5,222.0,78,2,2,03,2021-01-20,50
979,ADMP,-0.44,63.0,122,2,2,03,2021-01-20,50
980,INUV,0.19,34.48,51,2,2,03,2021-01-20,15
981,INUV,6.02,190.0,53,5,2,03,2021-01-20,100
982,OBLN,0.06,2.99,11,2,2,03,2021-01-20,1
983,TRXC,4.01,283.0,93,2,1,03,2021-01-19,100
984,TRXC,0.5,281.0,204,3,1,03,2021-01-19,100
985,CHNR,6.01,277.99,102,2,1,03,2021-01-19,100
986,TENX,0.01,2.54,98,2,1,03,2021-01-19,1
987,OBSV,9.25,194.75,150,2,4,02,2021-01-15,50
988,BNGO,-1.47,219.72,134,2,4,02,2021-01-15,25
989,BNGO,1.25,215.25,142,3,4,02,2021-01-15,25
990,SENS,-1.94,94.94,98,2,4,02,2021-01-15,50
991,SENS,-1.0,48.25,137,2,4,02,2021-01-15,25
992,BNGO,-4.2,134.25,152,2,4,02,2021-01-15,15
993,OBSV,2.8,101.0,60,2,4,02,2021-01-15,25
994,OBSV,0.21,18.69,95,2,4,02,2021-01-15,5
995,AMTX,0.01,4.24,14,2,4,02,2021-01-15,1
996,BNGO,-2.48,261.85,65,4,3,02,2021-01-14,15
997,BNGO,-1.5,96.15,42,3,3,02,2021-01-14,15
998,OGEN,-5.5,117.5,104,3,3,02,2021-01-14,50
999,OGEN,0.28,92.0,45,5,3,02,2021-01-14,50
1000,OGEN,0.55,29.95,93,2,3,02,2021-01-14,25
1001,CNET,-2.2,76.45,92,2,3,02,2021-01-14,25
1002,CNET,-1.93,47.68,202,2,3,02,2021-01-14,15
1003,CNET,-0.01,3.15,48,2,3,02,2021-01-14,1
1004,XELA,-0.72,27.22,117,2,2,02,2021-01-13,25
1005,XELA,-0.5,26.75,92,2,2,02,2021-01-13,25
1006,XELA,0.01,1.01,52,2,2,02,2021-01-13,1
1007,XELA,1.06,101.0,130,3,2,02,2021-01-13,100
1008,XELA,-1.75,79.75,255,4,2,02,2021-01-13,25
1009,SYBX,-1.6,34.4,215,2,2,02,2021-01-13,10
1010,SYBX,-0.6,90.75,62,3,2,02,2021-01-13,25
1011,SYBX,0.2,17.55,109,2,2,02,2021-01-13,5
1012,SYBX,2.0,89.25,90,2,2,02,2021-01-13,25
1013,SYBX,2.07,83.75,41,4,2,02,2021-01-13,25
1014,SYBX,-0.0,84.75,76,2,2,02,2021-01-13,25
1015,SYBX,2.28,80.0,135,3,2,02,2021-01-13,25
1016,OPTT,-0.75,86.5,209,2,2,02,2021-01-13,25
1017,OPTT,-2.0,89.5,258,2,2,02,2021-01-13,25
1018,OPTT,-0.01,3.55,77,2,2,02,2021-01-13,1
1019,ZOM,-0.12,130.5,392,5,1,02,2021-01-12,50
1020,TTOO,-9.4,259.0,0,4,1,02,2021-01-12,70
1021,TTOO,-4.5,109.0,177,2,1,02,2021-01-12,50
1022,TTOO,1.25,266.38,0,8,1,02,2021-01-12,50
1023,TTOO,1.0,53.0,212,2,1,02,2021-01-12,25
1024,TTOO,-0.0,2.19,116,2,1,02,2021-01-12,1
1025,LJPC,-0.8,31.3,198,2,1,02,2021-01-12,5
1026,SIFY,0.0,168.0,110,5,0,02,2021-01-11,50
1027,SIFY,0.16,16.35,304,2,0,02,2021-01-11,5
1028,AVGR,0.37,35.5,370,5,0,02,2021-01-11,25
1029,AVGR,0.5,35.0,89,2,0,02,2021-01-11,25
1030,AVGR,-0.0,36.0,36,2,0,02,2021-01-11,25
1031,SIFY,-3.47,93.67,87,4,0,02,2021-01-11,10
1032,GOVX,-0.16,174.74,12,2,0,02,2021-01-11,25
1033,GOVX,0.25,32.35,155,2,0,02,2021-01-11,5
1034,ZOM,3.17,136.01,0,9,0,02,2021-01-11,50
1035,AVGR,-2.34,64.9,101,2,0,02,2021-01-11,50
1036,ZOM,-2.28,92.23,87,2,0,02,2021-01-11,100
1037,ZOM,-0.66,91.84,57,4,0,02,2021-01-11,50
1038,ZOM,-0.24,91.5,166,7,0,02,2021-01-11,50
1039,AVGR,-2.69,128.44,154,4,0,02,2021-01-11,50
1040,AVGR,-1.1,64.2,73,4,0,02,2021-01-11,25
1041,AVGR,-1.0,32.25,124,2,0,02,2021-01-11,25
1042,AVGR,-0.95,32.95,58,2,0,02,2021-01-11,25
1043,GOVX,0.07,6.42,8,2,0,02,2021-01-11,1
1044,GOVX,-0.65,35.2,207,2,0,02,2021-01-11,5
1045,GOVX,-0.0,34.65,199,2,0,02,2021-01-11,5
1046,FTFT,3.55,73.0,66,2,3,01,2021-01-07,25
1047,FTFT,-1.7,74.25,43,2,3,01,2021-01-07,25
1048,FTFT,-1.01,104.26,225,2,3,01,2021-01-07,35
1049,FTFT,0.71,93.79,84,2,3,01,2021-01-07,35
1050,FTFT,2.45,90.3,151,2,3,01,2021-01-07,35
1051,FTFT,-3.33,91.18,52,2,3,01,2021-01-07,35
1052,SOS,-0.28,134.75,157,2,3,01,2021-01-07,35
1053,FTFT,0.22,89.56,67,2,3,01,2021-01-07,35
1054,FTFT,-0.16,87.14,117,2,3,01,2021-01-07,35
1055,SOS,2.56,134.64,50,2,3,01,2021-01-07,35
1056,SOS,-0.72,92.97,60,2,3,01,2021-01-07,25
1057,SOS,1.0,87.75,105,2,3,01,2021-01-07,25
1058,SOS,0.74,117.6,79,2,3,01,2021-01-07,35
1059,SOS,3.34,82.22,121,2,3,01,2021-01-07,25
1060,SOS,2.41,163.37,23,4,3,01,2021-01-07,25
1061,SOS,-0.04,3.3,57,2,3,01,2021-01-07,1
1062,ORTX,1.8,178.7,133,2,2,01,2021-01-06,25
1063,AIKI,-1.1,41.48,119,2,2,01,2021-01-06,25
1064,AIKI,0.13,40.62,99,2,2,01,2021-01-06,25
1065,AIKI,0.54,42.48,56,2,2,01,2021-01-06,25
1066,AIKI,3.25,74.25,110,4,2,01,2021-01-06,25
1067,AIKI,-0.0,1.42,110,2,2,01,2021-01-06,1
1068,AIKI,0.01,1.37,16,2,2,01,2021-01-06,1
1069,AIKI,2.63,35.12,102,2,2,01,2021-01-06,25
1070,JAGX,-0.12,14.68,63,2,1,01,2021-01-05,5
1071,JAGX,0.01,29.0,66,3,1,01,2021-01-05,10
1072,JAGX,-0.24,14.24,142,2,1,01,2021-01-05,5
1073,JAGX,2.29,41.83,172,2,1,01,2021-01-05,15
1074,PECK,-1.36,65.26,54,2,1,01,2021-01-05,5
1075,JAGX,2.17,62.45,38,2,1,01,2021-01-05,25
1076,JAGX,4.85,244.25,127,8,1,01,2021-01-05,25
1077,CHEK,0.78,68.75,56,2,1,01,2021-01-05,25
1078,CHEK,-0.0,67.75,142,2,1,01,2021-01-05,25
1079,JAGX,-2.5,61.25,145,2,1,01,2021-01-05,25
1080,CHEK,-8.92,328.79,0,9,1,01,2021-01-05,25
1081,CHEK,-3.3,60.88,119,2,1,01,2021-01-05,25
1082,CHEK,-1.0,13.4,132,2,1,01,2021-01-05,5
1083,CHEK,-0.69,63.25,11,2,0,01,2021-01-04,50
1084,CHEK,0.12,30.0,114,2,0,01,2021-01-04,25
1085,CHEK,0.62,31.38,73,2,0,01,2021-01-04,25
1086,CHEK,-0.0,29.5,89,2,0,01,2021-01-04,25
1087,CHEK,0.5,27.75,14,2,0,01,2021-01-04,25
1088,CHEK,0.26,28.62,97,2,0,01,2021-01-04,25
1089,BNGO,0.55,135.0,34,2,0,01,2021-01-04,25
1090,BNGO,1.0,122.25,12,2,0,01,2021-01-04,25
1091,BNGO,0.32,118.5,0,2,0,01,2021-01-04,25
1092,BNGO,-0.25,116.75,118,2,0,01,2021-01-04,25
1093,BNGO,0.5,122.5,116,2,0,01,2021-01-04,25
1094,BNGO,-0.25,117.25,115,2,0,01,2021-01-04,25
1095,BNGO,-0.0,123.25,115,2,0,01,2021-01-04,25
1096,BNGO,0.08,120.2,103,2,0,01,2021-01-04,25
1097,BNGO,-0.85,25.6,111,2,0,01,2021-01-04,5
1098,BNGO,0.82,45.58,116,2,0,01,2021-01-04,10
1099,BNGO,-0.0,49.3,65,2,0,01,2021-01-04,10
